# word	per_billion  (Google Books Ngram 2020, fiction 2-grams)
I'm	1125223
didn't	1049527
don't	1004907
it's	967166
you're	567321
that's	539270
he'd	537741
I'll	465976
she'd	449751
wasn't	409860
couldn't	384169
he's	380144
I've	368746
I'd	345180
can't	316610
wouldn't	248989
she's	238497
there's	238062
we're	208135
hadn't	203557
isn't	190023
doesn't	186682
what's	183177
you've	166502
we'll	150764
you'll	150708
they're	147938
won't	141944
they'd	132157
let's	131108
you'd	102755
we've	90158
weren't	70651
aren't	69421
haven't	67159
we'd	58887
he'll	57611
shouldn't	51576
they'll	45498
who's	43373
it'll	35427
they've	35234
she'll	34203
hasn't	26298
where's	23464
here's	21167
how's	17700
would've	14594
mustn't	9714
that'll	9226
could've	8051
should've	7203
needn't	4205
might've	2999
ain't	1
